route	channel	set_id	video_type	target	youtube_video_id	jpg
youtube-2	TH	home_kitchen_cooking_actions_a1_a2	polyglot	EN,ES,FR,DE	HOSCxDk8V_o	data/youtube-cover-assets/yt-home_kitchen_cooking_actions_a1_a2-2026-07-14-30b96a246c69/by-assignment/polyglot-home_kitchen_cooking_actions_a1_a2-TH-global_europe_core-7a4233775927-full.jpg
youtube-2	VI	home_kitchen_cookware_pilot_01	ordinary	AZ	zztb8hYK7vY	data/youtube-cover-assets/deck1-missing-thumbnail-closeout-20260716/vi/video/by-set/home_kitchen_cookware_pilot_01/ordinary/by-channel/vi__VI__LunaCardsTiengViet/AZ__Ti_ng_Azerbaijan/youtube_thumbnail.jpg
youtube-2	VI	home_kitchen_cookware_pilot_01	ordinary	BG	s3D8klBOvt4	data/youtube-cover-assets/deck1-missing-thumbnail-closeout-20260716/vi/video/by-set/home_kitchen_cookware_pilot_01/ordinary/by-channel/vi__VI__LunaCardsTiengViet/BG__Ti_ng_Bulgaria/youtube_thumbnail.jpg
youtube-2	VI	home_kitchen_cookware_pilot_01	ordinary	BN	QCtQoAxa7zc	data/youtube-cover-assets/deck1-missing-thumbnail-closeout-20260716/vi/video/by-set/home_kitchen_cookware_pilot_01/ordinary/by-channel/vi__VI__LunaCardsTiengViet/BN__Ti_ng_Bangla/youtube_thumbnail.jpg
youtube-2	VI	home_kitchen_cookware_pilot_01	ordinary	CS	H_mb8z47JFM	data/youtube-cover-assets/deck1-missing-thumbnail-closeout-20260716/vi/video/by-set/home_kitchen_cookware_pilot_01/ordinary/by-channel/vi__VI__LunaCardsTiengViet/CS__Ti_ng_S_c/youtube_thumbnail.jpg
youtube-2	VI	home_kitchen_cookware_pilot_01	ordinary	DA	I9gfjt4iRoM	data/youtube-cover-assets/deck1-missing-thumbnail-closeout-20260716/vi/video/by-set/home_kitchen_cookware_pilot_01/ordinary/by-channel/vi__VI__LunaCardsTiengViet/DA__Ti_ng_an_M_ch/youtube_thumbnail.jpg
youtube-2	VI	home_kitchen_cookware_pilot_01	ordinary	DE	EJ9xHCBwkJc	data/youtube-cover-assets/deck1-missing-thumbnail-closeout-20260716/vi/video/by-set/home_kitchen_cookware_pilot_01/ordinary/by-channel/vi__VI__LunaCardsTiengViet/DE__Ti_ng_c/youtube_thumbnail.jpg
youtube-2	VI	home_kitchen_cookware_pilot_01	ordinary	EN	m2OHIwMW6hw	data/youtube-cover-assets/deck1-missing-thumbnail-closeout-20260716/vi/video/by-set/home_kitchen_cookware_pilot_01/ordinary/by-channel/vi__VI__LunaCardsTiengViet/EN__Ti_ng_Anh/youtube_thumbnail.jpg
youtube-2	VI	home_kitchen_cookware_pilot_01	ordinary	ES-419	z0f1cJeyvgg	data/youtube-cover-assets/deck1-missing-thumbnail-closeout-20260716/vi/video/by-set/home_kitchen_cookware_pilot_01/ordinary/by-channel/vi__VI__LunaCardsTiengViet/ES-419__Ti_ng_T_y_Ban_Nha_Ch_u_M_La-tinh/youtube_thumbnail.jpg
youtube-2	VI	home_kitchen_cookware_pilot_01	ordinary	ET	yrqwr4gCovw	data/youtube-cover-assets/deck1-missing-thumbnail-closeout-20260716/vi/video/by-set/home_kitchen_cookware_pilot_01/ordinary/by-channel/vi__VI__LunaCardsTiengViet/ET__Ti_ng_Estonia/youtube_thumbnail.jpg
youtube-2	VI	home_kitchen_cookware_pilot_01	ordinary	FI	rGNEQ4_iwgY	data/youtube-cover-assets/deck1-missing-thumbnail-closeout-20260716/vi/video/by-set/home_kitchen_cookware_pilot_01/ordinary/by-channel/vi__VI__LunaCardsTiengViet/FI__Ti_ng_Ph_n_Lan/youtube_thumbnail.jpg
youtube-2	VI	home_kitchen_cookware_pilot_01	ordinary	FR	H9K3aT_TmF8	data/youtube-cover-assets/deck1-missing-thumbnail-closeout-20260716/vi/video/by-set/home_kitchen_cookware_pilot_01/ordinary/by-channel/vi__VI__LunaCardsTiengViet/FR__Ti_ng_Ph_p/youtube_thumbnail.jpg
youtube-2	VI	home_kitchen_cookware_pilot_01	ordinary	HI	XQy2OXrUL70	data/youtube-cover-assets/deck1-missing-thumbnail-closeout-20260716/vi/video/by-set/home_kitchen_cookware_pilot_01/ordinary/by-channel/vi__VI__LunaCardsTiengViet/HI__Ti_ng_Hindi/youtube_thumbnail.jpg
youtube-2	VI	home_kitchen_cookware_pilot_01	ordinary	HR	P6yN1e6FJdg	data/youtube-cover-assets/deck1-missing-thumbnail-closeout-20260716/vi/video/by-set/home_kitchen_cookware_pilot_01/ordinary/by-channel/vi__VI__LunaCardsTiengViet/HR__Ti_ng_Croatia/youtube_thumbnail.jpg
youtube-2	VI	home_kitchen_cookware_pilot_01	ordinary	HU	1-Yj8OAmbIk	data/youtube-cover-assets/deck1-missing-thumbnail-closeout-20260716/vi/video/by-set/home_kitchen_cookware_pilot_01/ordinary/by-channel/vi__VI__LunaCardsTiengViet/HU__Ti_ng_Hungary/youtube_thumbnail.jpg
youtube-2	VI	home_kitchen_cookware_pilot_01	ordinary	ID	o0sG9aLsfl0	data/youtube-cover-assets/deck1-missing-thumbnail-closeout-20260716/vi/video/by-set/home_kitchen_cookware_pilot_01/ordinary/by-channel/vi__VI__LunaCardsTiengViet/ID__Ti_ng_Indonesia/youtube_thumbnail.jpg
youtube-2	VI	home_kitchen_cookware_pilot_01	ordinary	IS	RrYD1wFGy7A	data/youtube-cover-assets/deck1-missing-thumbnail-closeout-20260716/vi/video/by-set/home_kitchen_cookware_pilot_01/ordinary/by-channel/vi__VI__LunaCardsTiengViet/IS__Ti_ng_Iceland/youtube_thumbnail.jpg
youtube-2	VI	home_kitchen_cookware_pilot_01	ordinary	IT	UR697BfPkmU	data/youtube-cover-assets/deck1-missing-thumbnail-closeout-20260716/vi/video/by-set/home_kitchen_cookware_pilot_01/ordinary/by-channel/vi__VI__LunaCardsTiengViet/IT__Ti_ng_Italy/youtube_thumbnail.jpg
youtube-2	VI	home_kitchen_cookware_pilot_01	ordinary	JA	NUToEz27h1I	data/youtube-cover-assets/deck1-missing-thumbnail-closeout-20260716/vi/video/by-set/home_kitchen_cookware_pilot_01/ordinary/by-channel/vi__VI__LunaCardsTiengViet/JA__Ti_ng_Nh_t/youtube_thumbnail.jpg
youtube-2	VI	home_kitchen_cookware_pilot_01	ordinary	KA	bzUQrSsgKvQ	data/youtube-cover-assets/deck1-missing-thumbnail-closeout-20260716/vi/video/by-set/home_kitchen_cookware_pilot_01/ordinary/by-channel/vi__VI__LunaCardsTiengViet/KA__Ti_ng_Georgia/youtube_thumbnail.jpg
youtube-2	VI	home_kitchen_cookware_pilot_01	ordinary	KK	QYzyrXpzgOU	data/youtube-cover-assets/deck1-missing-thumbnail-closeout-20260716/vi/video/by-set/home_kitchen_cookware_pilot_01/ordinary/by-channel/vi__VI__LunaCardsTiengViet/KK__Ti_ng_Kazakh/youtube_thumbnail.jpg
youtube-2	VI	home_kitchen_cookware_pilot_01	ordinary	KM	nfksIHKriRc	data/youtube-cover-assets/deck1-missing-thumbnail-closeout-20260716/vi/video/by-set/home_kitchen_cookware_pilot_01/ordinary/by-channel/vi__VI__LunaCardsTiengViet/KM__Ti_ng_Khmer/youtube_thumbnail.jpg
youtube-2	VI	home_kitchen_cookware_pilot_01	ordinary	KN	YIS0cfyVPaI	data/youtube-cover-assets/deck1-missing-thumbnail-closeout-20260716/vi/video/by-set/home_kitchen_cookware_pilot_01/ordinary/by-channel/vi__VI__LunaCardsTiengViet/KN__Ti_ng_Kannada/youtube_thumbnail.jpg
youtube-2	VI	home_kitchen_cookware_pilot_01	ordinary	KO	JnQUIVKN8OI	data/youtube-cover-assets/deck1-missing-thumbnail-closeout-20260716/vi/video/by-set/home_kitchen_cookware_pilot_01/ordinary/by-channel/vi__VI__LunaCardsTiengViet/KO__Ti_ng_H_n/youtube_thumbnail.jpg
youtube-2	VI	home_kitchen_cookware_pilot_01	ordinary	LO	ZtA-KotnYqE	data/youtube-cover-assets/deck1-missing-thumbnail-closeout-20260716/vi/video/by-set/home_kitchen_cookware_pilot_01/ordinary/by-channel/vi__VI__LunaCardsTiengViet/LO__Ti_ng_L_o/youtube_thumbnail.jpg
youtube-2	VI	home_kitchen_cookware_pilot_01	ordinary	RU	PqbAnpgE3Gk	data/youtube-cover-assets/deck1-missing-thumbnail-closeout-20260716/vi/video/by-set/home_kitchen_cookware_pilot_01/ordinary/by-channel/vi__VI__LunaCardsTiengViet/RU__Ti_ng_Nga/youtube_thumbnail.jpg
youtube-3	MY	home_kitchen_cookware_pilot_01	ordinary	AZ	Zy5Uotv7shg	data/youtube-cover-assets/deck1-missing-thumbnail-closeout-20260716/my/video/by-set/home_kitchen_cookware_pilot_01/ordinary/by-channel/my__MY__LunaCardsBurmese/AZ__item/youtube_thumbnail.jpg
youtube-3	MY	home_kitchen_cookware_pilot_01	ordinary	BG	0NRdTF1Dxk0	data/youtube-cover-assets/deck1-missing-thumbnail-closeout-20260716/my/video/by-set/home_kitchen_cookware_pilot_01/ordinary/by-channel/my__MY__LunaCardsBurmese/BG__item/youtube_thumbnail.jpg
youtube-3	MY	home_kitchen_cookware_pilot_01	ordinary	BN	VdRCDsvXYf8	data/youtube-cover-assets/deck1-missing-thumbnail-closeout-20260716/my/video/by-set/home_kitchen_cookware_pilot_01/ordinary/by-channel/my__MY__LunaCardsBurmese/BN__item/youtube_thumbnail.jpg
youtube-3	MY	home_kitchen_cookware_pilot_01	ordinary	CS	9TpxgGBuhuI	data/youtube-cover-assets/deck1-missing-thumbnail-closeout-20260716/my/video/by-set/home_kitchen_cookware_pilot_01/ordinary/by-channel/my__MY__LunaCardsBurmese/CS__item/youtube_thumbnail.jpg
youtube-3	MY	home_kitchen_cookware_pilot_01	ordinary	DA	ddtLVOb5YGc	data/youtube-cover-assets/deck1-missing-thumbnail-closeout-20260716/my/video/by-set/home_kitchen_cookware_pilot_01/ordinary/by-channel/my__MY__LunaCardsBurmese/DA__item/youtube_thumbnail.jpg
youtube-3	MY	home_kitchen_cookware_pilot_01	ordinary	DE	DavA87sbv64	data/youtube-cover-assets/deck1-missing-thumbnail-closeout-20260716/my/video/by-set/home_kitchen_cookware_pilot_01/ordinary/by-channel/my__MY__LunaCardsBurmese/DE__item/youtube_thumbnail.jpg
youtube-3	MY	home_kitchen_cookware_pilot_01	ordinary	EN	ZcqApKe-Ka0	data/youtube-cover-assets/deck1-missing-thumbnail-closeout-20260716/my/video/by-set/home_kitchen_cookware_pilot_01/ordinary/by-channel/my__MY__LunaCardsBurmese/EN__item/youtube_thumbnail.jpg
youtube-3	MY	home_kitchen_cookware_pilot_01	ordinary	EN-GB	87cWu6Z0EnM	data/youtube-cover-assets/deck1-missing-thumbnail-closeout-20260716/my/video/by-set/home_kitchen_cookware_pilot_01/ordinary/by-channel/my__MY__LunaCardsBurmese/EN-GB__item/youtube_thumbnail.jpg
youtube-3	MY	home_kitchen_cookware_pilot_01	ordinary	ES	wNVuW91V0E0	data/youtube-cover-assets/deck1-missing-thumbnail-closeout-20260716/my/video/by-set/home_kitchen_cookware_pilot_01/ordinary/by-channel/my__MY__LunaCardsBurmese/ES__item/youtube_thumbnail.jpg
youtube-3	MY	home_kitchen_cookware_pilot_01	ordinary	ES-419	pKZ6BM1ESXU	data/youtube-cover-assets/deck1-missing-thumbnail-closeout-20260716/my/video/by-set/home_kitchen_cookware_pilot_01/ordinary/by-channel/my__MY__LunaCardsBurmese/ES-419__item/youtube_thumbnail.jpg
youtube-3	MY	home_kitchen_cookware_pilot_01	ordinary	ET	9SsOpvy_WnE	data/youtube-cover-assets/deck1-missing-thumbnail-closeout-20260716/my/video/by-set/home_kitchen_cookware_pilot_01/ordinary/by-channel/my__MY__LunaCardsBurmese/ET__item/youtube_thumbnail.jpg
youtube-3	MY	home_kitchen_cookware_pilot_01	ordinary	FI	Igz8DId-aDQ	data/youtube-cover-assets/deck1-missing-thumbnail-closeout-20260716/my/video/by-set/home_kitchen_cookware_pilot_01/ordinary/by-channel/my__MY__LunaCardsBurmese/FI__item/youtube_thumbnail.jpg
youtube-3	MY	home_kitchen_cookware_pilot_01	ordinary	FR	o__B9NOtQLc	data/youtube-cover-assets/deck1-missing-thumbnail-closeout-20260716/my/video/by-set/home_kitchen_cookware_pilot_01/ordinary/by-channel/my__MY__LunaCardsBurmese/FR__item/youtube_thumbnail.jpg
youtube-3	MY	home_kitchen_cookware_pilot_01	ordinary	HI	mQ57wguL6Vs	data/youtube-cover-assets/deck1-missing-thumbnail-closeout-20260716/my/video/by-set/home_kitchen_cookware_pilot_01/ordinary/by-channel/my__MY__LunaCardsBurmese/HI__item/youtube_thumbnail.jpg
youtube-3	MY	home_kitchen_cookware_pilot_01	ordinary	HR	dr7q-9Gb1mY	data/youtube-cover-assets/deck1-missing-thumbnail-closeout-20260716/my/video/by-set/home_kitchen_cookware_pilot_01/ordinary/by-channel/my__MY__LunaCardsBurmese/HR__item/youtube_thumbnail.jpg
youtube-3	MY	home_kitchen_cookware_pilot_01	ordinary	HU	uHjDQEeIQEM	data/youtube-cover-assets/deck1-missing-thumbnail-closeout-20260716/my/video/by-set/home_kitchen_cookware_pilot_01/ordinary/by-channel/my__MY__LunaCardsBurmese/HU__item/youtube_thumbnail.jpg
youtube-3	MY	home_kitchen_cookware_pilot_01	ordinary	HY	a5h-So15GgI	data/youtube-cover-assets/deck1-missing-thumbnail-closeout-20260716/my/video/by-set/home_kitchen_cookware_pilot_01/ordinary/by-channel/my__MY__LunaCardsBurmese/HY__item/youtube_thumbnail.jpg
youtube-3	MY	home_kitchen_cookware_pilot_01	ordinary	ID	0JGbijNfms0	data/youtube-cover-assets/deck1-missing-thumbnail-closeout-20260716/my/video/by-set/home_kitchen_cookware_pilot_01/ordinary/by-channel/my__MY__LunaCardsBurmese/ID__item/youtube_thumbnail.jpg
youtube-3	MY	home_kitchen_cookware_pilot_01	ordinary	IS	_tbWoJ3qVjM	data/youtube-cover-assets/deck1-missing-thumbnail-closeout-20260716/my/video/by-set/home_kitchen_cookware_pilot_01/ordinary/by-channel/my__MY__LunaCardsBurmese/IS__item/youtube_thumbnail.jpg
youtube-3	MY	home_kitchen_cookware_pilot_01	ordinary	IT	FaWJvWyia7c	data/youtube-cover-assets/deck1-missing-thumbnail-closeout-20260716/my/video/by-set/home_kitchen_cookware_pilot_01/ordinary/by-channel/my__MY__LunaCardsBurmese/IT__item/youtube_thumbnail.jpg
youtube-3	MY	home_kitchen_cookware_pilot_01	ordinary	JA	tgRF5x42VU8	data/youtube-cover-assets/deck1-missing-thumbnail-closeout-20260716/my/video/by-set/home_kitchen_cookware_pilot_01/ordinary/by-channel/my__MY__LunaCardsBurmese/JA__item/youtube_thumbnail.jpg
youtube-3	MY	home_kitchen_cookware_pilot_01	ordinary	KA	Y25RSnz263Y	data/youtube-cover-assets/deck1-missing-thumbnail-closeout-20260716/my/video/by-set/home_kitchen_cookware_pilot_01/ordinary/by-channel/my__MY__LunaCardsBurmese/KA__item/youtube_thumbnail.jpg
youtube-3	MY	home_kitchen_cookware_pilot_01	ordinary	KK	dVG81wo8d-w	data/youtube-cover-assets/deck1-missing-thumbnail-closeout-20260716/my/video/by-set/home_kitchen_cookware_pilot_01/ordinary/by-channel/my__MY__LunaCardsBurmese/KK__item/youtube_thumbnail.jpg
youtube-3	MY	home_kitchen_cookware_pilot_01	ordinary	KM	JFsEaFn8vbY	data/youtube-cover-assets/deck1-missing-thumbnail-closeout-20260716/my/video/by-set/home_kitchen_cookware_pilot_01/ordinary/by-channel/my__MY__LunaCardsBurmese/KM__item/youtube_thumbnail.jpg
youtube-3	MY	home_kitchen_cookware_pilot_01	ordinary	PT	AKaTmPBDGrc	data/youtube-cover-assets/deck1-missing-thumbnail-closeout-20260716/my/video/by-set/home_kitchen_cookware_pilot_01/ordinary/by-channel/my__MY__LunaCardsBurmese/PT__item/youtube_thumbnail.jpg
youtube-3	MY	home_kitchen_cookware_pilot_01	ordinary	RU	uxJDu5Oy0_s	data/youtube-cover-assets/deck1-missing-thumbnail-closeout-20260716/my/video/by-set/home_kitchen_cookware_pilot_01/ordinary/by-channel/my__MY__LunaCardsBurmese/RU__item/youtube_thumbnail.jpg
youtube-3	SR	home_kitchen_cookware_pilot_01	ordinary	AZ	6Y5EU_pZFOI	data/youtube-cover-assets/deck1-missing-thumbnail-closeout-20260716/sr/video/by-set/home_kitchen_cookware_pilot_01/ordinary/by-channel/sr__SR__LunaCardsSrpski/AZ__item/youtube_thumbnail.jpg
youtube-3	SR	home_kitchen_cookware_pilot_01	ordinary	BG	TyZ_d6Rk7dc	data/youtube-cover-assets/deck1-missing-thumbnail-closeout-20260716/sr/video/by-set/home_kitchen_cookware_pilot_01/ordinary/by-channel/sr__SR__LunaCardsSrpski/BG__item/youtube_thumbnail.jpg
youtube-3	SR	home_kitchen_cookware_pilot_01	ordinary	BN	19E9awDs9GQ	data/youtube-cover-assets/deck1-missing-thumbnail-closeout-20260716/sr/video/by-set/home_kitchen_cookware_pilot_01/ordinary/by-channel/sr__SR__LunaCardsSrpski/BN__item/youtube_thumbnail.jpg
youtube-3	SR	home_kitchen_cookware_pilot_01	ordinary	CS	jxwYee1qjzM	data/youtube-cover-assets/deck1-missing-thumbnail-closeout-20260716/sr/video/by-set/home_kitchen_cookware_pilot_01/ordinary/by-channel/sr__SR__LunaCardsSrpski/CS__item/youtube_thumbnail.jpg
youtube-3	SR	home_kitchen_cookware_pilot_01	ordinary	DA	zCk9ptR87U8	data/youtube-cover-assets/deck1-missing-thumbnail-closeout-20260716/sr/video/by-set/home_kitchen_cookware_pilot_01/ordinary/by-channel/sr__SR__LunaCardsSrpski/DA__item/youtube_thumbnail.jpg
youtube-3	SR	home_kitchen_cookware_pilot_01	ordinary	DE	QAsiCAp9k1Q	data/youtube-cover-assets/deck1-missing-thumbnail-closeout-20260716/sr/video/by-set/home_kitchen_cookware_pilot_01/ordinary/by-channel/sr__SR__LunaCardsSrpski/DE__item/youtube_thumbnail.jpg
youtube-3	SR	home_kitchen_cookware_pilot_01	ordinary	EN	6v2wbu_9DMg	data/youtube-cover-assets/deck1-missing-thumbnail-closeout-20260716/sr/video/by-set/home_kitchen_cookware_pilot_01/ordinary/by-channel/sr__SR__LunaCardsSrpski/EN__item/youtube_thumbnail.jpg
youtube-3	SR	home_kitchen_cookware_pilot_01	ordinary	EN-GB	FNosffllsS8	data/youtube-cover-assets/deck1-missing-thumbnail-closeout-20260716/sr/video/by-set/home_kitchen_cookware_pilot_01/ordinary/by-channel/sr__SR__LunaCardsSrpski/EN-GB__item/youtube_thumbnail.jpg
youtube-3	SR	home_kitchen_cookware_pilot_01	ordinary	ES	sr10FD8JtRg	data/youtube-cover-assets/deck1-missing-thumbnail-closeout-20260716/sr/video/by-set/home_kitchen_cookware_pilot_01/ordinary/by-channel/sr__SR__LunaCardsSrpski/ES__item/youtube_thumbnail.jpg
youtube-3	SR	home_kitchen_cookware_pilot_01	ordinary	ES-419	ZoVmdiDMCO0	data/youtube-cover-assets/deck1-missing-thumbnail-closeout-20260716/sr/video/by-set/home_kitchen_cookware_pilot_01/ordinary/by-channel/sr__SR__LunaCardsSrpski/ES-419__item/youtube_thumbnail.jpg
youtube-3	SR	home_kitchen_cookware_pilot_01	ordinary	ET	BzL1FVYn5gA	data/youtube-cover-assets/deck1-missing-thumbnail-closeout-20260716/sr/video/by-set/home_kitchen_cookware_pilot_01/ordinary/by-channel/sr__SR__LunaCardsSrpski/ET__item/youtube_thumbnail.jpg
youtube-3	SR	home_kitchen_cookware_pilot_01	ordinary	FI	rulmucV-_ko	data/youtube-cover-assets/deck1-missing-thumbnail-closeout-20260716/sr/video/by-set/home_kitchen_cookware_pilot_01/ordinary/by-channel/sr__SR__LunaCardsSrpski/FI__item/youtube_thumbnail.jpg
youtube-3	SR	home_kitchen_cookware_pilot_01	ordinary	FR	DzEzfxuJKd4	data/youtube-cover-assets/deck1-missing-thumbnail-closeout-20260716/sr/video/by-set/home_kitchen_cookware_pilot_01/ordinary/by-channel/sr__SR__LunaCardsSrpski/FR__item/youtube_thumbnail.jpg
youtube-3	SR	home_kitchen_cookware_pilot_01	ordinary	HI	Ge3M-UixY54	data/youtube-cover-assets/deck1-missing-thumbnail-closeout-20260716/sr/video/by-set/home_kitchen_cookware_pilot_01/ordinary/by-channel/sr__SR__LunaCardsSrpski/HI__item/youtube_thumbnail.jpg
youtube-3	SR	home_kitchen_cookware_pilot_01	ordinary	HR	WeVZL-AbfCg	data/youtube-cover-assets/deck1-missing-thumbnail-closeout-20260716/sr/video/by-set/home_kitchen_cookware_pilot_01/ordinary/by-channel/sr__SR__LunaCardsSrpski/HR__item/youtube_thumbnail.jpg
youtube-3	SR	home_kitchen_cookware_pilot_01	ordinary	HU	3YwMjqv-ZcA	data/youtube-cover-assets/deck1-missing-thumbnail-closeout-20260716/sr/video/by-set/home_kitchen_cookware_pilot_01/ordinary/by-channel/sr__SR__LunaCardsSrpski/HU__item/youtube_thumbnail.jpg
youtube-3	SR	home_kitchen_cookware_pilot_01	ordinary	HY	1HNH2nGWwIY	data/youtube-cover-assets/deck1-missing-thumbnail-closeout-20260716/sr/video/by-set/home_kitchen_cookware_pilot_01/ordinary/by-channel/sr__SR__LunaCardsSrpski/HY__item/youtube_thumbnail.jpg
youtube-3	SR	home_kitchen_cookware_pilot_01	ordinary	ID	QItn9XCKJIo	data/youtube-cover-assets/deck1-missing-thumbnail-closeout-20260716/sr/video/by-set/home_kitchen_cookware_pilot_01/ordinary/by-channel/sr__SR__LunaCardsSrpski/ID__item/youtube_thumbnail.jpg
youtube-3	SR	home_kitchen_cookware_pilot_01	ordinary	IS	WimGvvfbCW0	data/youtube-cover-assets/deck1-missing-thumbnail-closeout-20260716/sr/video/by-set/home_kitchen_cookware_pilot_01/ordinary/by-channel/sr__SR__LunaCardsSrpski/IS__item/youtube_thumbnail.jpg
youtube-3	SR	home_kitchen_cookware_pilot_01	ordinary	IT	MYOg81JVRao	data/youtube-cover-assets/deck1-missing-thumbnail-closeout-20260716/sr/video/by-set/home_kitchen_cookware_pilot_01/ordinary/by-channel/sr__SR__LunaCardsSrpski/IT__item/youtube_thumbnail.jpg
youtube-3	SR	home_kitchen_cookware_pilot_01	ordinary	JA	uanjqTA2iPo	data/youtube-cover-assets/deck1-missing-thumbnail-closeout-20260716/sr/video/by-set/home_kitchen_cookware_pilot_01/ordinary/by-channel/sr__SR__LunaCardsSrpski/JA__item/youtube_thumbnail.jpg
youtube-3	SR	home_kitchen_cookware_pilot_01	ordinary	KA	dEGuvxQkFGI	data/youtube-cover-assets/deck1-missing-thumbnail-closeout-20260716/sr/video/by-set/home_kitchen_cookware_pilot_01/ordinary/by-channel/sr__SR__LunaCardsSrpski/KA__item/youtube_thumbnail.jpg
youtube-3	SR	home_kitchen_cookware_pilot_01	ordinary	KK	icKzmbfLWPQ	data/youtube-cover-assets/deck1-missing-thumbnail-closeout-20260716/sr/video/by-set/home_kitchen_cookware_pilot_01/ordinary/by-channel/sr__SR__LunaCardsSrpski/KK__item/youtube_thumbnail.jpg
youtube-3	SR	home_kitchen_cookware_pilot_01	ordinary	KM	YvATD6OKld0	data/youtube-cover-assets/deck1-missing-thumbnail-closeout-20260716/sr/video/by-set/home_kitchen_cookware_pilot_01/ordinary/by-channel/sr__SR__LunaCardsSrpski/KM__item/youtube_thumbnail.jpg
youtube-3	SR	home_kitchen_cookware_pilot_01	ordinary	KN	bks5szSyl5Y	data/youtube-cover-assets/deck1-missing-thumbnail-closeout-20260716/sr/video/by-set/home_kitchen_cookware_pilot_01/ordinary/by-channel/sr__SR__LunaCardsSrpski/KN__item/youtube_thumbnail.jpg
youtube-3	SR	home_kitchen_cookware_pilot_01	ordinary	KO	N6S-if4cuns	data/youtube-cover-assets/deck1-missing-thumbnail-closeout-20260716/sr/video/by-set/home_kitchen_cookware_pilot_01/ordinary/by-channel/sr__SR__LunaCardsSrpski/KO__item/youtube_thumbnail.jpg
youtube-3	SR	home_kitchen_cookware_pilot_01	ordinary	LO	qbZ70P-X2DE	data/youtube-cover-assets/deck1-missing-thumbnail-closeout-20260716/sr/video/by-set/home_kitchen_cookware_pilot_01/ordinary/by-channel/sr__SR__LunaCardsSrpski/LO__item/youtube_thumbnail.jpg
youtube-3	SR	home_kitchen_cookware_pilot_01	ordinary	LT	FnXIUfnGmO4	data/youtube-cover-assets/deck1-missing-thumbnail-closeout-20260716/sr/video/by-set/home_kitchen_cookware_pilot_01/ordinary/by-channel/sr__SR__LunaCardsSrpski/LT__item/youtube_thumbnail.jpg
youtube-3	SR	home_kitchen_cookware_pilot_01	ordinary	LV	Z7RvKd0GmQY	data/youtube-cover-assets/deck1-missing-thumbnail-closeout-20260716/sr/video/by-set/home_kitchen_cookware_pilot_01/ordinary/by-channel/sr__SR__LunaCardsSrpski/LV__item/youtube_thumbnail.jpg
youtube-3	SR	home_kitchen_cookware_pilot_01	ordinary	ML	1Kmx6GiIwrg	data/youtube-cover-assets/deck1-missing-thumbnail-closeout-20260716/sr/video/by-set/home_kitchen_cookware_pilot_01/ordinary/by-channel/sr__SR__LunaCardsSrpski/ML__item/youtube_thumbnail.jpg
youtube-3	SR	home_kitchen_cookware_pilot_01	ordinary	MS	ieQTq3719o4	data/youtube-cover-assets/deck1-missing-thumbnail-closeout-20260716/sr/video/by-set/home_kitchen_cookware_pilot_01/ordinary/by-channel/sr__SR__LunaCardsSrpski/MS__item/youtube_thumbnail.jpg
youtube-3	SR	home_kitchen_cookware_pilot_01	ordinary	MY	U2-npZf50kg	data/youtube-cover-assets/deck1-missing-thumbnail-closeout-20260716/sr/video/by-set/home_kitchen_cookware_pilot_01/ordinary/by-channel/sr__SR__LunaCardsSrpski/MY__item/youtube_thumbnail.jpg
youtube-3	SR	home_kitchen_cookware_pilot_01	ordinary	NB	EeWp8RHulI4	data/youtube-cover-assets/deck1-tail-sr-no-20260713/video/by-set/home_kitchen_cookware_pilot_01/ordinary/by-channel/sr__SR__LunaCardsSrpski/NO__item/youtube_thumbnail.jpg
youtube-3	SR	home_kitchen_cookware_pilot_01	ordinary	NE	gG9p74p-_5A	data/youtube-cover-assets/deck1-missing-thumbnail-closeout-20260716/sr/video/by-set/home_kitchen_cookware_pilot_01/ordinary/by-channel/sr__SR__LunaCardsSrpski/NE__item/youtube_thumbnail.jpg
youtube-3	SR	home_kitchen_cookware_pilot_01	ordinary	NL	2-b9fR5d5LU	data/youtube-cover-assets/deck1-missing-thumbnail-closeout-20260716/sr/video/by-set/home_kitchen_cookware_pilot_01/ordinary/by-channel/sr__SR__LunaCardsSrpski/NL__item/youtube_thumbnail.jpg
youtube-3	SR	home_kitchen_cookware_pilot_01	ordinary	PT	ucQ5JFdn3Bw	data/youtube-cover-assets/deck1-missing-thumbnail-closeout-20260716/sr/video/by-set/home_kitchen_cookware_pilot_01/ordinary/by-channel/sr__SR__LunaCardsSrpski/PT__item/youtube_thumbnail.jpg
youtube-3	SR	home_kitchen_cookware_pilot_01	ordinary	RU	_1ZGdvE4lCA	data/youtube-cover-assets/deck1-missing-thumbnail-closeout-20260716/sr/video/by-set/home_kitchen_cookware_pilot_01/ordinary/by-channel/sr__SR__LunaCardsSrpski/RU__item/youtube_thumbnail.jpg
youtube-4	SI	home_kitchen_cookware_pilot_01	ordinary	AZ	4TT9PqP9PFg	data/youtube-cover-assets/approved-template-overlay-uz-si-ka-20260713/video/by-set/home_kitchen_cookware_pilot_01/ordinary/by-channel/si__SI__LunaCardsSinhala/AZ__item/youtube_thumbnail.jpg
youtube-4	SI	home_kitchen_cookware_pilot_01	ordinary	BG	qoEtfDQLuSk	data/youtube-cover-assets/approved-template-overlay-uz-si-ka-20260713/video/by-set/home_kitchen_cookware_pilot_01/ordinary/by-channel/si__SI__LunaCardsSinhala/BG__item/youtube_thumbnail.jpg
youtube-4	SI	home_kitchen_cookware_pilot_01	ordinary	BN	0aO2qPHwbtU	data/youtube-cover-assets/approved-template-overlay-uz-si-ka-20260713/video/by-set/home_kitchen_cookware_pilot_01/ordinary/by-channel/si__SI__LunaCardsSinhala/BN__item/youtube_thumbnail.jpg
youtube-4	SI	home_kitchen_cookware_pilot_01	ordinary	CS	RQBZ0-zSqPI	data/youtube-cover-assets/approved-template-overlay-uz-si-ka-20260713/video/by-set/home_kitchen_cookware_pilot_01/ordinary/by-channel/si__SI__LunaCardsSinhala/CS__item/youtube_thumbnail.jpg
youtube-4	SI	home_kitchen_cookware_pilot_01	ordinary	DA	76MjEY3YSyU	data/youtube-cover-assets/approved-template-overlay-uz-si-ka-20260713/video/by-set/home_kitchen_cookware_pilot_01/ordinary/by-channel/si__SI__LunaCardsSinhala/DA__item/youtube_thumbnail.jpg
youtube-4	SI	home_kitchen_cookware_pilot_01	ordinary	DE	WaaOzmfu_oQ	data/youtube-cover-assets/approved-template-overlay-uz-si-ka-20260713/video/by-set/home_kitchen_cookware_pilot_01/ordinary/by-channel/si__SI__LunaCardsSinhala/DE__item/youtube_thumbnail.jpg
youtube-4	SI	home_kitchen_cookware_pilot_01	ordinary	EN	tn30IyMdbng	data/youtube-cover-assets/approved-template-overlay-uz-si-ka-20260713/video/by-set/home_kitchen_cookware_pilot_01/ordinary/by-channel/si__SI__LunaCardsSinhala/EN__item/youtube_thumbnail.jpg
youtube-4	SI	home_kitchen_cookware_pilot_01	ordinary	EN-GB	Oqy2NIOrqkk	data/youtube-cover-assets/approved-template-overlay-uz-si-ka-20260713/video/by-set/home_kitchen_cookware_pilot_01/ordinary/by-channel/si__SI__LunaCardsSinhala/EN-GB__item/youtube_thumbnail.jpg
youtube-4	SI	home_kitchen_cookware_pilot_01	ordinary	ES	i1VyGHlg0kQ	data/youtube-cover-assets/approved-template-overlay-uz-si-ka-20260713/video/by-set/home_kitchen_cookware_pilot_01/ordinary/by-channel/si__SI__LunaCardsSinhala/ES__item/youtube_thumbnail.jpg
youtube-4	SI	home_kitchen_cookware_pilot_01	ordinary	ES-419	ViAL9VRSPr8	data/youtube-cover-assets/approved-template-overlay-uz-si-ka-20260713/video/by-set/home_kitchen_cookware_pilot_01/ordinary/by-channel/si__SI__LunaCardsSinhala/ES-419__item/youtube_thumbnail.jpg
youtube-4	SI	home_kitchen_cookware_pilot_01	ordinary	ET	ZpInAP2BieQ	data/youtube-cover-assets/approved-template-overlay-uz-si-ka-20260713/video/by-set/home_kitchen_cookware_pilot_01/ordinary/by-channel/si__SI__LunaCardsSinhala/ET__item/youtube_thumbnail.jpg
youtube-4	SI	home_kitchen_cookware_pilot_01	ordinary	FI	FummiplVwwk	data/youtube-cover-assets/approved-template-overlay-uz-si-ka-20260713/video/by-set/home_kitchen_cookware_pilot_01/ordinary/by-channel/si__SI__LunaCardsSinhala/FI__item/youtube_thumbnail.jpg
youtube-4	SI	home_kitchen_cookware_pilot_01	ordinary	FR	cRle5r93EnM	data/youtube-cover-assets/approved-template-overlay-uz-si-ka-20260713/video/by-set/home_kitchen_cookware_pilot_01/ordinary/by-channel/si__SI__LunaCardsSinhala/FR__item/youtube_thumbnail.jpg
youtube-4	SI	home_kitchen_cookware_pilot_01	ordinary	HI	a14S-mt_jXA	data/youtube-cover-assets/approved-template-overlay-uz-si-ka-20260713/video/by-set/home_kitchen_cookware_pilot_01/ordinary/by-channel/si__SI__LunaCardsSinhala/HI__item/youtube_thumbnail.jpg
youtube-4	SI	home_kitchen_cookware_pilot_01	ordinary	HR	Bb5ETsEIHVQ	data/youtube-cover-assets/approved-template-overlay-uz-si-ka-20260713/video/by-set/home_kitchen_cookware_pilot_01/ordinary/by-channel/si__SI__LunaCardsSinhala/HR__item/youtube_thumbnail.jpg
youtube-4	SI	home_kitchen_cookware_pilot_01	ordinary	HU	6ZVIuLHqBf4	data/youtube-cover-assets/approved-template-overlay-uz-si-ka-20260713/video/by-set/home_kitchen_cookware_pilot_01/ordinary/by-channel/si__SI__LunaCardsSinhala/HU__item/youtube_thumbnail.jpg
youtube-4	SI	home_kitchen_cookware_pilot_01	ordinary	HY	7b5Ucul7Tf0	data/youtube-cover-assets/approved-template-overlay-uz-si-ka-20260713/video/by-set/home_kitchen_cookware_pilot_01/ordinary/by-channel/si__SI__LunaCardsSinhala/HY__item/youtube_thumbnail.jpg
youtube-4	SI	home_kitchen_cookware_pilot_01	ordinary	ID	YhA_qw77cBA	data/youtube-cover-assets/approved-template-overlay-uz-si-ka-20260713/video/by-set/home_kitchen_cookware_pilot_01/ordinary/by-channel/si__SI__LunaCardsSinhala/ID__item/youtube_thumbnail.jpg
youtube-4	SI	home_kitchen_cookware_pilot_01	ordinary	IS	kxM7SlMJpug	data/youtube-cover-assets/approved-template-overlay-uz-si-ka-20260713/video/by-set/home_kitchen_cookware_pilot_01/ordinary/by-channel/si__SI__LunaCardsSinhala/IS__item/youtube_thumbnail.jpg
youtube-4	SI	home_kitchen_cookware_pilot_01	ordinary	IT	TLVjUOdkA-k	data/youtube-cover-assets/approved-template-overlay-uz-si-ka-20260713/video/by-set/home_kitchen_cookware_pilot_01/ordinary/by-channel/si__SI__LunaCardsSinhala/IT__item/youtube_thumbnail.jpg
youtube-4	SI	home_kitchen_cookware_pilot_01	ordinary	JA	xHZVmLYiMds	data/youtube-cover-assets/approved-template-overlay-uz-si-ka-20260713/video/by-set/home_kitchen_cookware_pilot_01/ordinary/by-channel/si__SI__LunaCardsSinhala/JA__item/youtube_thumbnail.jpg
youtube-4	SI	home_kitchen_cookware_pilot_01	ordinary	KA	JkoLAf-J4g0	data/youtube-cover-assets/approved-template-overlay-uz-si-ka-20260713/video/by-set/home_kitchen_cookware_pilot_01/ordinary/by-channel/si__SI__LunaCardsSinhala/KA__item/youtube_thumbnail.jpg
youtube-4	SI	home_kitchen_cookware_pilot_01	ordinary	KK	6zr_Yj1beUI	data/youtube-cover-assets/approved-template-overlay-uz-si-ka-20260713/video/by-set/home_kitchen_cookware_pilot_01/ordinary/by-channel/si__SI__LunaCardsSinhala/KK__item/youtube_thumbnail.jpg
youtube-4	SI	home_kitchen_cookware_pilot_01	ordinary	KM	Iz1Y8e-H59Y	data/youtube-cover-assets/approved-template-overlay-uz-si-ka-20260713/video/by-set/home_kitchen_cookware_pilot_01/ordinary/by-channel/si__SI__LunaCardsSinhala/KM__item/youtube_thumbnail.jpg
youtube-4	SI	home_kitchen_cookware_pilot_01	ordinary	KN	zKlhw5aXVEM	data/youtube-cover-assets/approved-template-overlay-uz-si-ka-20260713/video/by-set/home_kitchen_cookware_pilot_01/ordinary/by-channel/si__SI__LunaCardsSinhala/KN__item/youtube_thumbnail.jpg
youtube-4	SI	home_kitchen_cookware_pilot_01	ordinary	KO	S4qVlesGluM	data/youtube-cover-assets/approved-template-overlay-uz-si-ka-20260713/video/by-set/home_kitchen_cookware_pilot_01/ordinary/by-channel/si__SI__LunaCardsSinhala/KO__item/youtube_thumbnail.jpg
youtube-4	SI	home_kitchen_cookware_pilot_01	ordinary	LO	KZNO3f0o2Mk	data/youtube-cover-assets/approved-template-overlay-uz-si-ka-20260713/video/by-set/home_kitchen_cookware_pilot_01/ordinary/by-channel/si__SI__LunaCardsSinhala/LO__item/youtube_thumbnail.jpg
youtube-4	SI	home_kitchen_cookware_pilot_01	ordinary	LT	OTOIMQw0Tmo	data/youtube-cover-assets/approved-template-overlay-uz-si-ka-20260713/video/by-set/home_kitchen_cookware_pilot_01/ordinary/by-channel/si__SI__LunaCardsSinhala/LT__item/youtube_thumbnail.jpg
youtube-4	SI	home_kitchen_cookware_pilot_01	ordinary	LV	LvFhoFwL2IQ	data/youtube-cover-assets/approved-template-overlay-uz-si-ka-20260713/video/by-set/home_kitchen_cookware_pilot_01/ordinary/by-channel/si__SI__LunaCardsSinhala/LV__item/youtube_thumbnail.jpg
youtube-4	SI	home_kitchen_cookware_pilot_01	ordinary	PT	as9Ud5q71vo	data/youtube-cover-assets/approved-template-overlay-uz-si-ka-20260713/video/by-set/home_kitchen_cookware_pilot_01/ordinary/by-channel/si__SI__LunaCardsSinhala/PT__item/youtube_thumbnail.jpg
youtube-4	SI	home_kitchen_cookware_pilot_01	ordinary	RU	vZ0Bi0m-thY	data/youtube-cover-assets/approved-template-overlay-uz-si-ka-20260713/video/by-set/home_kitchen_cookware_pilot_01/ordinary/by-channel/si__SI__LunaCardsSinhala/RU__item/youtube_thumbnail.jpg
youtube-4	SW	home_kitchen_cooking_actions_a1_a2	polyglot	EN,ES,FR,DE	Po5QuUbkOdc	data/youtube-cover-assets/yt-home_kitchen_cooking_actions_a1_a2-2026-07-14-30b96a246c69/by-assignment/polyglot-home_kitchen_cooking_actions_a1_a2-SW-global_europe_core-7a4233775927-full.jpg
